Product ID,Category,Sub Category,Description PT,Description DE,Description FR,Description ES,Description EN,Description ZH,Color,Sizes,Production Cost,Brand_VN,Name_VN,Price_VND,image_url,model_3d_url
4,Feminine,Shirts and Blouses,Blusa De Algodão Básica,Basis -Baumwollbluse,Chemisier En Coton De Base,Blusa De Algodón,Basic Cotton Blouse,基本的棉衬衫,,S|M|L|XL,27.62,Zara,Zara Basic Streetwear Tee 960,799000,,
5,Feminine,T-shirts and Tops,T-Shirt Básica De Algodão,Basis-Baumwoll-T-Shirt,T-Shirt En Coton De Base,Camiseta Básica De Algodón,Basic Cotton T-Shirt,基本棉T恤,,S|M|L,11.69,DirtyCoins,DirtyCoins Basic Streetwear Tee 120,699000,,
13,Masculine,Sweaters and Sweatshirts,Casual Tricot Vermelho Com Zíper,Lässiger Roter Trikot Mit Reißverschluss,Tricot Rouge Occasionnel Avec Fermeture Éclair,Tricot Rojo Casual Con Cremallera,Casual Red Tricot With Zipper,休闲红色三角形与拉链,RED,M|L|XL|XXL,15.8,Coolmate,Coolmate RED Streetwear Tee 566,699000,,
14,Masculine,T-shirts and Polos,Boho Jacquard Branco Com Glitter,Boho Jacquard Branco Com Glitter,Boho Jacquard Branco Com Paillettes,Boho Jacquard Branco Com Brillo,Boho Jacquard Branco Com Glitter,Boho Jacquard Branco Com闪光,,M|L|XL|XXL,8.36,H&M,H&M Basic Streetwear Tee 558,799000,,
15,Masculine,Shirts,Camisa Social Masculina,Herren -Soziales Hemd,Chemise Sociale Pour Hommes,Camisa Social Masculina,Men'S Social Shirt,男士的社交衬衫,,M|L|XL|XXL,6.87,DirtyCoins,DirtyCoins Basic Streetwear Tee 199,799000,,
30,Feminine,Shirts and Blouses,Camisa Social Feminina,Soziales Hemd Von Frauen,Chemise Sociale Des Femmes,Camisa Social Feminina,Women'S Social Shirt,妇女的社交衬衫,,S|M|L|XL,8.55,H&M,H&M Basic Streetwear Tee 761,499000,,
31,Feminine,T-shirts and Tops,Top Cropped De Malha,Kruppiertes Gestricktes Oberteil,Top Cropped De Malha,Cruz Superior De Malla,Cropped Knitted Top,裁剪的针织上衣,,S|M|L|XL,1.86,Coolmate,Coolmate Basic Streetwear Tee 443,599000,,
39,Masculine,Sweaters and Sweatshirts,Casual Camurça Vermelho Com Laço,Lässiges Rotes Wildleder Mit Schleife,Daim Rouge Occasionnel Avec Boucle,Condimento Rojo Casual Con Bucle,Casual Red Suede With Loop,休闲红色绒面革与循环,RED,M|L|XL|XXL,5.24,Coolmate,Coolmate RED Streetwear Tee 291,499000,,
40,Masculine,T-shirts and Polos,Luxuoso Nylon Dourado Com Zíper,Luxuriöser Goldener Nylon Mit Reißverschluss,Nylon En Or Luxueux Avec Fermeture Éclair,Lujoso Nylon De Oro Con Cremallera,Luxurious Gold Nylon With Zipper,带拉链的豪华金尼龙,GOLD,M|L|XL|XXL,8.45,Routine,Routine GOLD Streetwear Tee 559,999000,,
41,Masculine,Shirts,Camisa Polo Masculina,Herren -Polo -Hemd,Polo Pour Hommes,Camisa Polo Masculina,Men'S Polo Shirt,男士马球衬衫,,M|L|XL|XXL,8.13,DirtyCoins,DirtyCoins Basic Streetwear Tee 847,899000,,
56,Feminine,Shirts and Blouses,Blusa De Renda Manga Longa,Long -Schwacher Spitzenbluse,Chemisier De Rendu À Manches Longues,Blusa De Renda Manga Longa,Long -Sleeved Lace Blouse,长 - 衬衫蕾丝上衣,,S|M|L|XL,8.89,Routine,Routine Basic Streetwear Tee 574,999000,,
57,Feminine,T-shirts and Tops,T-Shirt Com Estampa De Bandana,T-Shirt Mit Bandana-Druck,T-Shirt Com Estampa De Bandana,T-Shirt Com Estampa De Bandana,T-Shirt With Bandana Print,带有头巾打印的T恤,,S|M|L|XL,4.75,Zara,Zara Basic Streetwear Tee 799,349000,,
65,Masculine,Sweaters and Sweatshirts,Clássico Renda Verde Estampado,Klassische Grüne Spitze Gestempelt,Dentelle Verte Classique Estampillée,Clasica Clase Verde Estetado,Classic Green Lace Stamped,经典绿色花边盖章,GREEN,M|L|XL|XXL,22.56,Zara,Zara GREEN Streetwear Tee 666,399000,,
66,Masculine,T-shirts and Polos,High-Tech Linho Prateado Bordado,High-Tech Silver Leinen Gestickt,Lin Argenté De Haute Technologie Brodé,Bordado De Lino Plateado De Alta Tecnología,High-Tech Silver Linen Embroidered,高科技银亚麻绣花,SILVER,M|L|XL|XXL,2.6,Routine,Routine SILVER Streetwear Tee 230,499000,,
67,Masculine,Shirts,Camisa De Manga Curta Casual,Lässiges Kurzarmhemd,Chemise À Manches Courtes Décontractées,Camisa De Manga Curta Casual,Casual Short Sleeve Shirt,休闲短袖衬衫,,M|L|XL|XXL,14.08,H&M,H&M Basic Streetwear Tee 746,499000,,
82,Feminine,Shirts and Blouses,Camisa Jeans Feminina,Frauen -Denim -Hemd,Chemise En Jean Pour Femmes,Camisa Jeans Feminina,Women'S Denim Shirt,女子牛仔衬衫,,S|M|L|XL,6.72,Routine,Routine Basic Streetwear Tee 266,299000,,
83,Feminine,T-shirts and Tops,Top De Alça Fininha,Dünn,Mince,Delgado,Thin,薄的,,S|M|L|XL,10.44,Zara,Zara Basic Streetwear Tee 700,299000,,
91,Masculine,Sweaters and Sweatshirts,Luxuoso Veludo Neutro Com Botões,Luxuriöser Neutraler Samt Mit Knöpfen,Velours Neutre Luxueux Avec Boutons,Lujoso Terciopelo Neutro Con Botones,Luxurious Neutral Velvet With Buttons,豪华的中性天鹅绒和纽扣,NEUTRAL,M|L|XL,21.63,Coolmate,Coolmate NEUTRAL Streetwear Tee 876,999000,,
92,Masculine,T-shirts and Polos,Formal Seda Turquesa Acolchoado,Formelle Türkunische Seide Gepolstert,En Soie Turtuelle Formelle Rembourrée,Formal Seda Turquesa Acolchoado,Formal Turquess Silk Padded,Tur,,M|L|XL|XXL,4.62,DirtyCoins,DirtyCoins Basic Streetwear Tee 997,399000,,
93,Masculine,Shirts,Camisa Xadrez Masculina,Herren -Kariertes Hemd,Chemise À Carreaux Masculine,Camisa Xadrez Masculina,Men'S Plaid Shirt,男士格子衬衫,,M|L|XL|XXL,4.42,Zara,Zara Basic Streetwear Tee 466,699000,,
108,Feminine,Shirts and Blouses,Blusa Ciganinha Ombro A Ombro,Schulter -Shoulder -Zigeunerbluse,Chemisier Gitan À Épaule À Épaule,Hombro -Para Holgar Blusa Gitana,Shoulder -To -Shoulder Gypsy Blouse,肩膀 - 盖吉普赛上衣,,S|M|L|XL,19.77,Zara,Zara Basic Streetwear Tee 608,799000,,
109,Feminine,T-shirts and Tops,T-Shirt Oversized Estampada,T-Shirt Übergroße Estampada,T-Shirt Surdimensionné Estampada,Camiseta Estampada De Gran Tamaño,T-Shirt Oversized Estampada,T恤超大的Estampada,,S|M|L|XL,9.05,H&M,H&M Basic Streetwear Tee 305,249000,,
117,Masculine,Sweaters and Sweatshirts,Boho Linho Verde Bordado,Boho Green Fink Emberade,Boho Green Fink Emberade,Boho Linho Verde Bordado,Boho Green Fink Emberade,波西米亚风绿色的芬克恩,GREEN,M|L|XL,15.69,Zara,Zara GREEN Streetwear Tee 661,799000,,
118,Masculine,T-shirts and Polos,Luxuoso Cetim Bordô Com Botões,Luxuriöser Burgunderatin Mit Knöpfen,Satin Bordeaux Luxueux Avec Boutons,Lujoso Satén Borgoña Con Botones,Luxurious Burgundy Satin With Buttons,豪华的勃艮第缎子和纽扣,BURGUNDY,M|L|XL|XXL,30.18,Zara,Zara BURGUNDY Streetwear Tee 101,599000,,
119,Masculine,Shirts,Camisa De Linho Masculina,Herren -Leinenhemd,Chemise En Lin Pour Hommes,Camisa De Lino Para Hombres,Men'S Linen Shirt,男士亚麻衬衫,,M|L|XL|XXL,5.78,Coolmate,Coolmate Basic Streetwear Tee 871,599000,,
134,Feminine,Shirts and Blouses,Blusa De Seda Estampada,Gedruckte Seidenbluse,Chemisier En Soie Imprimé,Blusa De Seda Estampada,Printed Silk Blouse,印刷的真丝上衣,,S|M|L|XL,25.07,DirtyCoins,DirtyCoins Basic Streetwear Tee 802,299000,,
135,Feminine,T-shirts and Tops,Top De Crochê Estiloso,Stylish Häkeloberteil,Haut De Crochet Élégant,Top De Crochet Elegante,Stylish Crochet Top,时尚的钩针上衣,,S|M|L|XL,6.95,Coolmate,Coolmate Basic Streetwear Tee 655,299000,,
143,Masculine,Sweaters and Sweatshirts,Vintage Poliéster Preto Com Botões,Vintage Black Polyester Mit Knöpfen,Polyester Noir Vintage Avec Boutons,Poliéster Negro Vintage Con Botones,Vintage Black Polyester With Buttons,老式黑色聚酯键带按钮,BLACK,M|L|XL|XXL,11.82,Coolmate,Coolmate BLACK Streetwear Tee 369,799000,,
144,Masculine,T-shirts and Polos,Esportivo Couro Turquesa Com Bolsos,Türkisfarbene Ledersportarten Mit Taschen,Sports En Cuir Turquoise Avec Des Poches,Deportes De Cuero Turquesa Con Bolsillos,Turquoise Leather Sports With Pockets,绿松石皮革运动和口袋,TURQUOISE,M|L|XL,29.45,Zara,Zara TURQUOISE Streetwear Tee 801,799000,,
145,Masculine,Shirts,Camisa Jeans Masculina,Herren -Jeanshemd,Chemise En Jean Masculin,Camisa Jeans Masculina,Men'S Denim Shirt,男士的牛仔衬衫,,M|L|XL,11.58,DirtyCoins,DirtyCoins Basic Streetwear Tee 819,299000,,
160,Feminine,Shirts and Blouses,Camisa De Linho Feminina,Frauen -Leinenhemd,Chemise En Lin Pour Femmes,Camisa De Linho Feminina,Women'S Linen Shirt,女士亚麻衬衫,,S|M|L|XL,5.28,DirtyCoins,DirtyCoins Basic Streetwear Tee 891,999000,,
161,Feminine,T-shirts and Tops,T-Shirt Com Gola V,T-Shirt Com Gola V,T-Shirt Com Gola V,Camiseta Com Gola V,T-Shirt Com Gola V,T恤Com Gola V,,S|M|L|XL,10.0,Routine,Routine Basic Streetwear Tee 863,899000,,
169,Masculine,Sweaters and Sweatshirts,Boho Denim Prateado Com Zíper,Boho Jeans Silber Mit Reißverschluss,Boho Denim Silver Avec Fermeture Éclair,Boho Denim Silver Con Cremallera,Boho Denim Silver With Zipper,波西米亚风与拉链的牛仔银,SILVER,M|L|XL|XXL,19.2,DirtyCoins,DirtyCoins SILVER Streetwear Tee 114,249000,,
170,Masculine,T-shirts and Polos,Punk Veludo Rosa Com Capuz,Punk -Samtrosa Mit Kapuze,En Velours Punk Rose Avec Capuche,Punk Velvet Pink Con Capucha,Punk Velvet Pink With Hood,朋克天鹅绒粉红色与引擎盖,PINK,M|L|XL|XXL,5.76,Routine,Routine PINK Streetwear Tee 938,899000,,
171,Masculine,Shirts,Camisa De Algodão Slim Fit,Schlankes Fites Baumwollhemd,Chemise En Coton Slim Fit,Camisa De Algodón De Ajuste Delgado,Slim Fit Cotton Shirt,纤细的棉衬衫,,M|L|XL|XXL,14.43,Routine,Routine Basic Streetwear Tee 747,799000,,
186,Feminine,Shirts and Blouses,Blusa Cropped Manga Bufante,Blusa Cropped Manga Buffalo,Busa Buffalo Manga Recadré,Blusa Cropped Manga Bufante,Blusa Cropped Manga Buffalo,布鲁萨裁剪漫画布法罗,,S|M|L|XL,5.19,H&M,H&M Basic Streetwear Tee 598,249000,,
187,Feminine,T-shirts and Tops,Top De Seda Com Detalhe Em Nó,Seidenoberteil Mit Knotendetails,Haut De Soie Avec Détail Nœud,Top De Seda Con Detalle De Nodo,Silk Top With Node Detail,带有节点细节的丝绸上衣,,S|M|L|XL,13.51,H&M,H&M Basic Streetwear Tee 518,249000,,
195,Masculine,Sweaters and Sweatshirts,Casual Cetim Preto Com Bolsos,Lässiger Schwarzer Satin Mit Taschen,Satin Noir Décontracté Avec Poches,Satén Negro Casual Con Bolsillos,Casual Black Satin With Pockets,休闲黑色缎子和口袋,BLACK,M|L|XL|XXL,15.13,H&M,H&M BLACK Streetwear Tee 872,999000,,
196,Masculine,T-shirts and Polos,Clássico Seda Bordô Liso,Smooth Bordeland Classic,Smooth Bordeland Classic,Smooth Bordeland Classic,Smooth Bordeland Classic,光滑的Bordeland Classic,,M|L|XL|XXL,11.73,Coolmate,Coolmate Basic Streetwear Tee 140,699000,,
197,Masculine,Shirts,Camisa De Flanela Masculina,Herren -Flanellhemd,Chemise De Flanelle Masculine,Camisa De Franela Para Hombres,Men'S Flannel Shirt,男士法兰绒衬衫,,M|L|XL|XXL,10.54,Routine,Routine Basic Streetwear Tee 939,299000,,
212,Feminine,Shirts and Blouses,Camisa Xadrez Feminina,Frauen Kariertes Hemd,Chemise À Carreaux Pour Femmes,Camisa Xadrez Feminina,Women'S Plaid Shirt,女子格子衬衫,,S|M|L|XL,11.81,Routine,Routine Basic Streetwear Tee 147,699000,,
213,Feminine,T-shirts and Tops,T-Shirt Feminina Com Manga Curta,Frauen-T-Shirt Mit Kurzer Ärmel,T-Shirt Pour Femmes Avec Manches Courtes,Camiseta Para Mujeres Con Manga Corta,Women'S T-Shirt With Short Sleeve,女子T恤，短袖,,S|M|L|XL,10.9,DirtyCoins,DirtyCoins Basic Streetwear Tee 198,799000,,
221,Masculine,Sweaters and Sweatshirts,Casual Lã Bege Com Botões,Lässige Beige Wolle Mit Knöpfen,Laine Beige Décontractée Avec Boutons,Lana Beige Casual Con Botones,Casual Beige Wool With Buttons,随便的米色羊毛和纽扣,BEIGE,M|L|XL|XXL,12.32,H&M,H&M BEIGE Streetwear Tee 646,249000,,
222,Masculine,T-shirts and Polos,Luxuoso Veludo Verde Liso,Luxuriöser Glatter Grüner Samt,Velours Vert Lisse Luxueux,Velvet Verde Liso Lujoso,Luxurious Smooth Green Velvet,豪华的光滑绿色天鹅绒,GREEN,M|L|XL|XXL,3.89,H&M,H&M GREEN Streetwear Tee 712,349000,,
223,Masculine,Shirts,Camisa De Manga Longa Masculina,Herren -Langarmhemd,Chemise À Manches Longues Pour Hommes,Camisa De Manga Longa Masculina,Men'S Long Sleeve Shirt,男士长袖衬衫,,M|L|XL,6.63,Routine,Routine Basic Streetwear Tee 104,999000,,
238,Feminine,Shirts and Blouses,Blusa De Malha Leve,Leuchtenbluse,Chemisier De Vêtements Légers,Blusa De Ropa De Luz,Lightwear Blouse,灯衣上衣,,S|M|L|XL,9.35,H&M,H&M Basic Streetwear Tee 492,999000,,
239,Feminine,T-shirts and Tops,Top De Tule Com Detalhe De Renda,Tult Top Mit Einkommensdetails,Tult Top Avec Détail De Revenu,Top Top Con Detalle De Ingresos,Tult Top With Income Detail,带有收入细节的顶部,,S|M|L|XL,14.05,Coolmate,Coolmate Basic Streetwear Tee 991,349000,,
247,Masculine,Sweaters and Sweatshirts,Esportivo Cetim Azul Com Babados,Sport Blauer Satin Mit Rüschen,Sports Satin Bleu Avec Des Volants,Satén Azul Deportivo Con Volantes,Sports Blue Satin With Ruffles,运动蓝色缎子与荷叶边,BLUE,M|L|XL|XXL,10.29,Routine,Routine BLUE Streetwear Tee 663,399000,,
248,Masculine,T-shirts and Polos,Despojado Cetim Bordô Com Zíper,Stripped Burgunderatin Mit Reißverschluss,Satin Bordeaux Dépouillé Avec Fermeture Éclair,Satinado Borgoña Despojado Con Cremallera,Stripped Burgundy Satin With Zipper,用拉链剥去了勃艮第的缎子,BURGUNDY,M|L|XL|XXL,9.67,DirtyCoins,DirtyCoins BURGUNDY Streetwear Tee 506,699000,,
249,Masculine,Shirts,Camisa Básica Masculina,Herren -Basishemd,Chemise De Base Pour Hommes,Camisa Básica Masculina,Men'S Basic Shirt,男士的基本衬衫,,M|L|XL|XXL,9.09,DirtyCoins,DirtyCoins Basic Streetwear Tee 754,399000,,
